Event,Type
Get your IBM Artificial Intelligence AI Engineering Professional Certificate to become Certified AI Professional, Artificial Intelligence Certifications
AI on your mind - Start your trial of India’s no.1 Artificial Intelligence AI and Machine Learning ML Program Certification to become Certified AI Professional, Artificial Intelligence Certifications
Enroll in Introduction to Artificial Intelligence Course by IBM (Coursera), Artificial Intelligence Courses
Attend RBCDSAI's International Summit (Expos) on Artificial Intelligence AI and Data Science, Artificial Intelligence Expos
Introducing our virtual AI summit - plugin an expo, Artificial Intelligence Expos
Get % off on AI for Everyone by Andrew Ng (Coursera) Certification , Artificial Intelligence Certifications
Start Working as Artificial Intelligence AI Intern at Cloud Counselage, Artificial Intelligence Internships
Seminar: The Practical Application of AI in the Financial Sector book tickets now, Artificial Intelligence Seminars
Attend Artificial Intelligence Seminar Series Sponsored by Fortive book tickets now, Artificial Intelligence Seminars
TED Recommends The incredible inventions of intuitive AI Ted Talk by Maurice Conti, Artificial Intelligence Talks
Learn AI Artificial Intelligence Full Course | Artificial Intelligence Trainings for Beginners | Edureka, Artificial Intelligence Trainings
Live and On Demand Webinar Careers In Artificial Intelligence AI & Machine Learning ML Tomorrow (22-July) @ 2 PM Register Now, Artificial Intelligence Webinars
Demystifying AI and ML immersion workshop on AI & ML at Bengaluru, Artificial Intelligence Workshops
Stream the Latest Free and On Demand Webinars from Stanford Online :  Improving Natural Language Understanding through Adversarial Testing using Artificial Intelligence AI, Artificial Intelligence Webinars
Learning AI after 13 years of experience : Talk by Pathi Mohan, Artificial Intelligence Talks
New Mini-Lessons: Bytes of AI. An Introductory Course on Artificial Intelligence, Artificial Intelligence Courses
Register Today: AI for Healthcare in the Time of COVID-19 Virtual Conference On Demand Webinar, Artificial Intelligence Webinars
New to coding? Learn at home with our FREE beginner content : Intro to Artificial Intelligence, Artificial Intelligence Courses
Become the AI leader in a company empower your workforce and amplify corporate growth. Apply at XYZ Pvt. Ltd. - Monster Jobs,Artificial Intelligence Jobs
AI Startup Funding in 2019 : Join Inspiring talk by special panelists, Artificial Intelligence Talks
CEMENT YOUR CAREER IN Artificial Intelligence WITH THIS ADVANCED CERTIFICATION PROGRAM to become Certified AI Professional, Artificial Intelligence Certifications
Start your AI certification journey today to become Certified AI Professional , Artificial Intelligence Certifications
What AI Is — And Isn’t  Talk on AI by Sebastian Thrun and Chris Anderson, Artificial Intelligence Talks
"Watch How We Can Build AI to Help Humans, Not Hurt Us TED Talk by Margaret Mitchell", Artificial Intelligence Talks
"On Demand Webinar: Powering AI with DataOps, by ODSC AI + Trainings.", Artificial Intelligence Webinars
"Attend How AI and Robotics Will Help Manufacturing Thrive Post-Pandemic,On Demand Webinar by CrowdAnalytix.", Artificial Intelligence Webinars
"Attend Fairness and Bias in AI It's Time to Do Better,On Demand Webinar by Anaconda.", Artificial Intelligence Webinars
AI and Deep Learning Workshop Register Now, Artificial Intelligence Workshops
Certified Blockchain Expert Certification by Blockchain Council at only 9999,Blockchain Certifications
Complete Coursera Blockchain Specialization Certification by New York State University,Blockchain Certifications
Enroll in Blockchain Revolution Specialization Certification by INSEAD,Blockchain Certifications
Blockchain Certification from UC Berkeley only @ edX,Blockchain Certifications
Blockchain Certification for Business by The Linux Foundation (edX),Blockchain Certifications
Blockchain A-Z: Learn How To Build Your First Blockchain a Certification at Udemy,Blockchain Certifications
Blockchain Developer Nanodegree Certification by Udacity,Blockchain Certifications
Blockchain in Business Online Certification by Columbia Business School,Blockchain Certifications
Register for IBM Blockchain On Demand Webinar Series,Blockchain Webinars
ON DEMAND WEBINAR Syndicated Loans and Blockchain Technology Register Now,Blockchain Webinars
On Demand Webinar: Blockchain and the Future of Commerce and How does blockchain simplify and automate commercial transactions attend webinar now,Blockchain Webinars
On Demand Webinar Blockchain Beyond the Hype: Real Use Cases attend online webinar on 25th of June,Blockchain Webinars
On Demand WEBINAR: WHAT YOU NEED TO KNOW BEFORE BUILDING ENTERPRISE APPLICATIONS ON THE BLOCKCHAIN,Blockchain Webinars
Building Blockchain Solutions for the Enterprise with Truffle On Demand Webinar. Now on YouTube,Blockchain Webinars
On Demand Webinar: UX for Blockchain View this Webinar for Free,Blockchain Webinars
Workshop on Blockchain and its Applications by Indian Institute of Technology Kanpur,Blockchain Workshops
Online Blockchain Workshops on Youtube Subscribe Now,Blockchain Workshops
Attend 2 day workshop on blockchain by technoxian ,Blockchain Workshops
5-DAY WORKSHOP ON BLOCKCHAIN by SMARTBRIDGE,Blockchain Workshops
Blockchains and the Web A W3C Workshop on Distributed Ledgers on the Web,Blockchain Workshops
Register Now Blockchain Expo Global by BlockChain Conference,Blockchain Expos
GLOBAL BLOCKCHAIN HACKATHON 2020 Register Now,Blockchain Hackathons
Register for 2019 Blockchain Hackathon,Blockchain Hackathons
Meet the Hack-a-Hogs: Student innovation in blockchain for food trust ,Blockchain Hackathons
Hackathons | Blockchain Pulse: IBM Blockchain Hackathon,Blockchain Hackathons
Get AWS Certified Solutions Architect – Professional Certification in Cloud Computing,Cloud Computing Certifications
Complete Foundation Level AWS Cloud Certification The Certified Cloud AWS Practitioner,Cloud Computing Certifications
Become Cisco Certified Network Administrator Cloud by completing CCNA Cloud Certification,Cloud Computing Certifications
Get MCSE: Cloud Platform and Infrastructure Cloud Certification,Cloud Computing Certifications
Start your Google Cloud certification journey today ,Cloud Computing Certifications
Become Microsoft Certified: Azure Administrator Associate. Cloud Computing Certification,Cloud Computing Certifications
Complete CCSP – Certified Cloud Security Professional Certification Journey,Cloud Computing Certifications
Complete CLOUD COMPUTING CERTIFICATION by Edureka,Cloud Computing Certifications
Register for Google Cloud Next : An Google Cloud Summit Expo,Cloud Computing Expos
Book your spot on AWEsome Day - A day event to learn more about cloud computing and be trained on the AWS Cloud Summit Expo,Cloud Computing Expos
Attend Global Cloud Computing Expo on 20th October 2020,Cloud Computing Expos
Attend CloudFest 2020 and learn more about Intelligent Cloud,Cloud Computing Fests
Attend Cloud Summit 2020 organised by world class professionals,Cloud Computing Expos
Book your spot for International Conference on Cloud Computing ,Cloud Computing Expos
Apply for AWS Cloud Management part time job/internship by KUKbit Software Lab,Cloud Computing Internships
Apply on Placement India for position of AWS Cloud Computing Intern in Pune and get internship,Cloud Computing Internships
Looking for internships apply to become at Mactores for Cloud Engineer - AWS/Azure - Internship,Cloud Computing Internships
VERSYS is Hiring Interns For Cloud Integration Developer,Cloud Computing Internships
Get job as Big Data Architect in ETL/Cloud Computing at AZBOOBA,Cloud Computing Jobs
Looking for Online Cloud Computing Trainers Apply for Job on urbanpro.com,Cloud Computing Jobs
Want Online Cloud Computing Trainers (Job Id: 7253330) apply now for Job,Cloud Computing Jobs
Cybage wants Cloud Engineer - Distributed Systems/AWS Lambda job for cloud computing professionals ,Cloud Computing Jobs
Achieving Digital Transformation at Scale with Cloud Academy Seminar on Cloud Computing book tickets now,Cloud Computing Seminars
Attend Seminar Organised Migrating Your Technology to Cloud Academy: Content and Software to Scale Your Tech Skills. book tickets now,Cloud Computing Seminars
Book Your tickets For Designing and Delivering Structured Cloud Programs for Large Teams A Seminar,Cloud Computing Seminars
What’s New at Cloud Academy? A Look at New Features in Our Platform a introductory Seminar book tickets now,Cloud Computing Seminars
Attend Cloud Computing On Demand Webinar Series by cisco networking academy,Cloud Computing Webinars
"Attend How COVID-19 is Impacting Cloud Availability, and What We Can Learn From It a webinar. Now also available on demand",Cloud Computing Webinars
Watch What Does the Future Hold for Cloud Computing? A On Demand webinar by Cloud Academy,Cloud Computing Webinars
The New Cloud Academy Search Experience on demand webinar by Steffano bellasio,Cloud Computing Webinars
"Join us for AWS, Azure, and Google Cloud: Demystifying Multi-Cloud for Your Organization an On Demand webinar ",Cloud Computing Webinars
AWS Virtual Cloud Computing Workshop: Library,Cloud Computing Workshops
Learn Cloud Computing by completing  Cloud Computing Trainings ,Cloud Computing Trainings
Learn Cloud Using Cloud and DevOps Architect Master's Trainings organised by IBM,Cloud Computing Trainings
Learn Cloud Computing and Complete Online Cloud Trainings by Cloud Academy,Cloud Computing Trainings
Get your IBM IoT Internet of Things Professional Certificate,IoT Certifications
Get % off on IoT for Everyone (Coursera) Certification ,IoT Certifications
CEMENT YOUR CAREER IN IoT Internet of Things WITH THIS ADVANCED CERTIFICATION PROGRAM,IoT Certifications
Start your Internet of Things certification journey today ,IoT Certifications
Certified IoT Expert Certification by W3C Council at only 9999,IoT Certifications
Complete Coursera IoT Specialization Certification by New York State University,IoT Certifications
Get your Oracle Java Professional Certificate,Java Certifications
Get % off on Java Masterclass (Coursera) Certification ,Java Certifications
CEMENT YOUR CAREER IN JAVA DEVELOPMENT WITH THIS ADVANCED JAVA CERTIFICATION PROGRAM,Java Certifications
Start your Advanced Java certification journey today ,Java Certifications
Certified Java DEVELOPMENT Expert Certification by Oracle at only 9999,Java Certifications
Complete Coursera Java Specialization Certification by New York State University,Java Certifications
Get your Pyrhon Professional Certificate,Python Certifications
Get % off on Python for Everybody (Coursera) Certification ,Python Certifications
CEMENT YOUR CAREER IN PYTHON DEVELOPMENT WITH THIS CERTIFICATION PROGRAM,Python Certifications
Start your Python Developer certification journey today ,Python Certifications
Certified Python Expert Certification by Google at only 9999,Python Certifications
Complete Coursera Python Specialization Certification by Michigan State University,Python Certifications
Get your Front End Web Developer Certificate,Web Development Certifications
Get % off on WEB for Everyone Full Stack Web Development (Coursera) Certification ,Web Development Certifications
CEMENT YOUR CAREER IN Web Development WITH THIS ADVANCED CERTIFICATION PROGRAM,Web Development Certifications
Start your Full Stack Web Development certification journey today ,Web Development Certifications
Certified Web Development Expert Certification by Mozilla at only 9999,Web Development Certifications
Complete Coursera Web Development Specialization Certification by New York State University,Web Development Certifications
Get your CISCO Networking Professional Certificate,Networking Certifications
Get % off on Networking essentials by XYZ (Coursera) Certification ,Networking Certifications
CEMENT YOUR CAREER IN Computer Networking WITH THIS ADVANCED CERTIFICATION PROGRAM,Networking Certifications
Start your Networking certification journey today ,Networking Certifications
Certified Networking Expert Certification by CISCO Council at only 9999,Networking Certifications
Complete Coursera Networking Specialization Certification by New York State University,Networking Certifications
Get your Android Professional Certificate,Mobile Applications Certifications
Get % off on Android Kotlin Certification for Everyone (Coursera) Certification ,Mobile Applications Certifications
CEMENT YOUR CAREER IN Android Development WITH THIS ADVANCED Kotlin CERTIFICATION PROGRAM,Mobile Applications Certifications
Start your Android certification journey today ,Mobile Applications Certifications
Certified Android Expert Certification by Google at only 9999,Mobile Applications Certifications
Complete Coursera Android Specialization Certification by New York State University,Mobile Applications Certifications
Get your ios Swift Professional Certificate,Mobile Applications Certifications
Get % off on Swift ios Expert (Coursera) Certification ,Mobile Applications Certifications
CEMENT YOUR CAREER IN ios Development WITH THIS ADVANCED Swift CERTIFICATION PROGRAM,Mobile Applications Certifications
Start your Swift ios certification journey today ,Mobile Applications Certifications
Certified ios and Swift Expert Certification by Apple at only 9999,Mobile Applications Certifications
Complete Coursera Swift ios Specialization Certification by New York State University,Mobile Applications Certifications
Get your Cyber Security Professional Certificate,Security Certifications
Get % off on Ethical Hacking Cyber Security for Everyone (Coursera) Certification ,Security Certifications
CEMENT YOUR CAREER IN Cyber Security Ethical Hacking WITH THIS ADVANCED CERTIFICATION PROGRAM,Security Certifications
Start your Ethical Hacking certification journey today ,Security Certifications
Certified Ethical Hacking Cyber Certification by Anon at only 9999,Security Certifications
Complete Coursera Cyber Security Specialization Certification by New York State University,Security Certifications
Get your Software Development Life Cycle SDLC Certificate,Development Processes Certifications
Get % off on SDLC for Agile Projects (Coursera) Certification ,Development Processes Certifications
CEMENT YOUR CAREER IN Software Development WITH THIS ADVANCED SDLC CERTIFICATION PROGRAM,Development Processes Certifications
Start your Agile SDLC certification journey today ,Development Processes Certifications
Certified Agile Expert Certification by Development Council at only 9999,Development Processes Certifications
Complete Coursera Software Development Specialization Certification by New York State University,Development Processes Certifications
Get your Software Architecture Fundamentals Certificate,Software Architecture Certifications
Get % off on UML and Software Architecture Certification ,Software Architecture Certifications
CEMENT YOUR CAREER WITH THIS ADVANCED Software Architecture and UML CERTIFICATION PROGRAM,Software Architecture Certifications
Start your UML certification journey today ,Software Architecture Certifications
Certified Software Architecture Expert Certification at only 9999,Software Architecture Certifications
Complete Coursera Software Architecture Specialization Certification by New York State University,Software Architecture Certifications
Get your Finance in  Software Development Professional Certificate,Finance Certifications
Get % off on Finance for Everyone (Coursera) Certification ,Finance Certifications
CEMENT YOUR CAREER WITH THIS Finance in IT Industry CERTIFICATION PROGRAM,Finance Certifications
Start your Applications of Finance in Software Development certification journey today ,Finance Certifications
Certified Finance Expert Certification by RBI at only 9999,Finance Certifications
Complete Coursera Finance Specialization Certification by New York State University,Finance Certifications
Register for Hash Code 2020 Coding Competition by Google,Coding Competitions
Check your coding abilities by registering for Code Jam 2020 a Coding Competition ,Coding Competitions
Show your coding skills at International Collegiate Programming Contest (ICPC) a International Coding Competition,Coding Competitions
Complete Challenges on Code Chef get first rank in code chef competition,Coding Competitions
Compete in indias biggest coding competition by techgig : Code Gladiators,Coding Competitions
Compete in Code Wizards competition and get 50000 prize,Coding Competitions
Geek Goddess Coding competion for women who code,Coding Competitions
Participate in American Express Codestreet'20 online hackathon,Coding Hackathons
Attend UniGlobe Hacks a 4-day long hackathon register now,Coding Hackathons
Register for Xd Hacks Mini a mini hackathon organised by STEM.,Coding Hackathons
Register for Stouffeville Codeathon,Coding Hackathons
Complete FursaVirus challenge a Codeathon Hackathon,Coding Hackathons
CODING WORKSHOPS FOR SCHOOLS AND ONLINE RESOURCES FOR TEACHERS AVAILABLE AT CODECRATED.COM,Coding Workshops
Want to learn how to make games attend CODING GAMES WORKSHOP,Coding Workshops
Learn to code join us at INTRODUCTION TO CODING  a WORKSHOP,Coding Workshops
Learn to Code a Coding Workshops for Engineering Student,Coding Workshops
LEARN THE BASICS OF CODING FOR FREE. SAVE A SEAT FOR AN INTRO TO CODING WORKSHOP,Coding Workshops
Learn to Code 1 day Coding workshop by hackreactor,Coding Workshops
Coding for everybody. Beginner level coding work shop. Register Now.,Coding Workshops
Register for Hash Code 2020 Java Coding Competition by Google,Java Competitions
Check your Java coding abilities by registering for Java Jam 2020 a Java Coding Competition ,Java Competitions
Show your Java coding skills at International Collegiate Programming Contest (ICPC) a International Coding Competition,Java Competitions
Complete Java Application Creation competition,Java Competitions
Compete in indias biggest Java coding competition by techgig : Code Gladiators,Java Competitions
Compete in Java Wizards competition and get 50000 prize by creating Java Application,Java Competitions
Register for Andro Code 2020 Android Application Creation Competition,Mobile Applications Competitions
Check your Swift coding abilities by registering for ios Jam 2020 a ios Application Creation Competition ,Mobile Applications Competitions
Show your Mobile Application Creation skills at International Collegiate Programming Contest (ICPC) a International Mobile Application Competition,Mobile Applications Competitions
Complete Mobile Application Android and ios Creation competition,Mobile Applications Competitions
Compete in indias biggest Mobile Application coding competition in Android and ios by techgig : Andro-ios-Gladiators,Mobile Applications Competitions
Compete in Mobile Wizards competition and get 50000 prize by creating Mobile Application in ios and Android,Mobile Applications Competitions
AWS Supports Blockchain Coding Competition With $100K Prize,Blockchain Competitions
Check your Swift coding abilities by registering for SwiftJam 2020 a ios Applications Competition ,Mobile Applications Competitions
Register for Blockgame Code 2020 Blockchain Ethereum Creation Competition,Blockchain Competitions
Check your Blockchain coding abilities by registering for BlockEther 2020 a Ethereum Competition ,Blockchain Competitions
Show your Blockchain skills at Ethereum Collegiate Programming Contest (ICPC) a International Ethereum Blockchain Competition,Blockchain Competitions
Deepfake Detection Challenge Kaggle Challenge,Machine Learning Competitions
Complete Kaggle Challenges and get Money prize,Machine Learning Competitions
Check your C Cpp coding abilities by registering for C-Jam 2020 a C Coding Competition ,C Competitions
Show your C Cpp coding skills at International Collegiate Programming Contest (ICPC) a International Coding Competition,C Competitions
Compete in indias biggest C coding competition by techgig : Code Gladiators,C Competitions
Compete in C Wizards competition and get 50000 prize by creating C Programming,C Competitions
Register for Hash Code 2020 C Coding Competition by Google,C Competitions
Check your Python coding abilities by registering for PyJam 2020 a Java Coding Competition ,Python Competitions
Show your Python coding skills at International Collegiate Programming Contest (ICPC) a International Coding Competition,Python Competitions
Get 50% of on CPP for Everybody Course on Udemy,C++ Courses
Learn Data Structures in CPP by enrolling in CPP Course on Udemy,C++ Courses
Get Coding Fundamentals Strong By Learning CPP from our C++ Course,C++ Courses
Upgrade Your CPP skills by enrolling in CPP Bootcamp Course,C++ Courses
Learn CPP using CPP Course by CPPCourse,C++ Courses
Get 50% of on Cloud for IT Professional Course on Udemy,Cloud Computing Courses
Learn to Upgrade your system to Cloud by enrolling in Cloud Computing Course on Udemy,Cloud Computing Courses
Get Cloud Computing Fundamentals Strong By Learning AWS from our AWS Academy Course,Cloud Computing Courses
Upgrade Your Cloud skills by enrolling in AWS Bootcamp Course,Cloud Computing Courses
Learn Google Cloud using GCP Course by Google,Cloud Computing Courses
Get 50% of on C for Beginners Course on Udemy,C Courses
Learn Data Structures in C by enrolling in C Course on Udemy,C Courses
Get Coding Fundamentals Strong By Learning C from our C Course,C Courses
Upgrade Your C skills by enrolling in C Bootcamp Course,C Courses
Learn C using C Course by CCourse,C Courses
Harness the power of the most disruptive technology since the internet through real life examples! Master Blockchain Now using Blockchain A-Z™: Learn How To Build Your First Blockchain Udemy Course,Blockchain Courses
Learn the key elements of blockchain and Bitcoin in this bestselling video Course and accompanying PDF glossary using BlockChain Course,Blockchain Courses
Become An Ethereum Blockchain Developer With Just One Course Ethereum Blockchain Developer Bootcamp Course,Blockchain Courses
Blockchain Technology Will Transform How Businesses Operate learn BlockChain using Our BlockChain Course,Blockchain Courses
Code out your very own Blockchain and decentralized network in the JavaScript programming languag in our BlockChain Course,Blockchain Courses
The only Course you need to learn web development - HTML CSS JS Node and More! Enroll Now for Web Development Course,Web Development Courses
Become a full-stack web developer with just one Course. HTML CSS Javascript Node React MongoDB and more Register for Web Development Course,Web Development Courses
Learn Web Development by building 25 websites and mobile apps using HTML CSS Javascript PHP MySQL & more : The Complete Web Developer Course 2.0,Web Development Courses
Learn to code and become a Web Developer in 2020 with HTML CSS Javascript React Node.js Compete The Complete Web Developer in 2020: Zero to Mastery Web Development Course,Web Development Courses
The Advanced Web Developer Bootcamp Learn React 16 Redux D3 ES2015 Testing CSS Flexbox Animations SVG AJAX and more using Web Development Course,Web Development Courses
Java Programming Masterclass for Software Developers : Learn Java In This Course And Become a Computer Programmer. Obtain valuable Core Java Skills And Java Course,Java Courses
Java In-Depth: Become a Complete Java Engineer using Comprehensive Java programming Course integrated with design principles,Java Courses
Practice Java by Building Projects : Ultimate Java interview prep Course ,Java Courses
Complete Java Tutorial Step by Step - become a programmer Learn Java to become Industry ready programmer by using this Course ,Java Courses
The Complete Java Course : Become a confident industry ready core Java developer and become Java professional by this Course,Java Courses
Register for The Complete Cyber Security Course : Hackers Exposed,Security Courses
Enroll now in The Complete Cyber Security Course : Network Security,Security Courses
The Ultimate Dark Web Anonymity Privacy & Security Course Learn how to access & use the dark net and the clear net privately anonymously and securely,Security Courses
The Absolute Beginners Guide to Cyber Security 2020 - Part 2 Udemy Course,Security Courses
The Beginners 2020 Cyber Security Awareness Course,Security Courses
The Complete Android N Developer Course Learn Android App Development with Android 7 Nougat by building real apps including Uber Whatsapp and Instagram!,Mobile Applications Courses
The Complete Android Oreo Developer Course - Build 23 Apps!,Mobile Applications Courses
Android Java Masterclass - Become an App Developer using this Course,Mobile Applications Courses
Make apps for Android M - Marshmallow using Android Studio for Mac or Windows Register for Course Now,Mobile Applications Courses
Android App Development using Kotlin Course on Udemy,Mobile Applications Courses
The Complete Android Q Developer Course™,Mobile Applications Courses
iOS 13 & Swift 5 - The Complete iOS App Development Bootcamp Course by Angela Yu,Mobile Applications Courses
Enroll in iOS 10 & Swift 3: From Beginner to Paid Professional™ Course,Mobile Applications Courses
Learn iOS App Development by building 21 iOS apps using Swift 3 & Xcode 8. Includes free web hosting from this Course,Mobile Applications Courses
LEarn to build Twitter iOS Clone | Swift 5/Firebase | No Storyboards | MVVM using Course,Mobile Applications Courses
IoT#4: IoT (Internet of Things) Course Automation with Raspberry Pi,IoT Courses
AWS IoT: The Hobbyists Guide to Home Automation Course,IoT Courses
get 50% off on Build Internet of Things with ESP8266 & MicroPython Course,IoT Courses
Introduction to Internet of Things(IoT) using Raspberry Pi 2 Course on Udemy,IoT Courses
Building Internet of Things Projects with Arduino IOT Course,IoT Courses
The Complete JavaScript Course 2020: Build Real Projects!,JavaScript Courses
JavaScript: Understanding the Weird Parts An advanced JavaScript Course for everyone!,JavaScript Courses
Modern JavaScript From The Beginning Course Learn and build projects with pure JavaScript (No frameworks or libraries),JavaScript Courses
JavaScript - The Complete Guide 2020 (Beginner + Advanced) Modern JavaScript from the beginning - all the way up to JS expert level! THE must-have JavaScript Course in 2020,JavaScript Courses
The Modern JavaScript Bootcamp Course Learn JavaScript by building real-world apps. Includes 3 real-world projects 80 programming challenges and ES6/ES7,JavaScript Courses
2020 Complete Python Bootcamp: From Zero to Hero in Python Course ,Python Courses
Learn Python Programming Masterclass This Python For Beginners Course Teaches You The Python Language Fast. Includes Python Online Course for Python 3,Python Courses
The Python Mega Course: Build 10 Real World Applications,Python Courses
Python 3: Deep Dive (Part 1 - Functional) Course,Python Courses
Python - The Practical Guide Course,Python Courses
Artificial Intelligence A-Z™: Learn How To Build An AI Course,Artificial Intelligence Courses
Artificial Intelligence: Reinforcement Learning Course Free,Artificial Intelligence Courses
The Beginner's Guide to Artificial Intelligence in Unity Now at 520 only,Artificial Intelligence Courses
Artificial Intelligence for Business Course,Artificial Intelligence Courses
Artificial Intelligence II - Neural Networks Learn about AI in this Course,Artificial Intelligence Courses
Software Development: Better Requirements Gathering Skills Course on Udemy,Development Processes Courses
Software Development From A to Z - Learn OOP UML Agile and more from this Course,Development Processes Courses
Scrum Advanced: Software Development & Program Management Course,Development Processes Courses
The Software Development Process - The Complete Course,Development Processes Courses
Become a Product Manager | Learn the Skills & Get the Job The most complete Course available on Product Management.,Management Courses
The Complete Management Skills Certification Course,Management Courses
The Complete Product Management Course,Management Courses
Management Skills - Team Leadership Skills Masterclass 2020 Course,Management Courses
Certified Manager of Quality Testing Certified Manager of Quality and Organizational Excellence CMQ/OE® Exam Preparation Course,Management Courses
Cyber Security India expo Summit Book your spot now,Security Expos
Cyber Security Tech Expo World Series 2020,Security Expos
Cyber Security World Virtual Conference & Expo 2020,Security Expos
Python Application Development Workshop Register Now, Python Workshops
Workshop on Python and Applications of Python in games by Indian Institute of Technology Kanpur,Python Workshops
Online Python Workshops on Youtube Subscribe Now,Python Workshops
Attend 2 day workshop on Python Programming Language by technoxian ,Python Workshops
5-DAY WORKSHOP ON Applications of Python in Banking by SMARTBRIDGE,Python Workshops
Front end Web Development Workshop Register Now,Web Development Workshops
Workshop on Full Stack Web Development by Indian Institute of Technology Kanpur,Web Development Workshops
Online HTML CSS WEB DEVELOPMENT Workshops on Youtube Subscribe Now,Web Development Workshops
Attend 2 day workshop on Web Development by technoxian ,Web Development Workshops
5-DAY WORKSHOP ON JavaScript Web Development by SMARTBRIDGE,Web Development Workshops
cyber security Workshop Register Now, Security Workshops
Workshop on BASICS of cyber security ,Security Workshops
Online cyber security Workshops on Youtube Subscribe Now,Security Workshops
Attend 2 day workshop on cyber security by technoxian ,Security Workshops
5-DAY WORKSHOP ON cyber security by SMARTBRIDGE,Security Workshops
CPP for beginner Workshop Register Now,C++ Workshops
Workshop on CPP and its Applications by Indian Institute of Technology Kanpur,C++ Workshops
Online CPP Data Structures Workshops on Youtube Subscribe Now,C++ Workshops
Attend 2 day workshop on Cpp by technoxian ,C++ Workshops
5-DAY WORKSHOP ON Systems using Cpp by SMARTBRIDGE,C++ Workshops
Software Architecture and UML Workshop Register Now,Software Architecture Workshops
Workshop on Software Architecture and its Applications by Indian Institute of Technology Kanpur,Software Architecture Workshops
Online Software Architecture UML Workshops on Youtube Subscribe Now,Software Architecture Workshops
Attend 2 day workshop on Software Architecture and UML by technoxian ,Software Architecture Workshops
5-DAY WORKSHOP ON Software Architecture by SMARTBRIDGE,Software Architecture Workshops
C for beginner Workshop Register Now,C Workshops
Workshop on C and its Applications by Indian Institute of Technology Kanpur,C Workshops
Online C Data Structures Workshops on Youtube Subscribe Now,C Workshops
Attend 2 day workshop on C by technoxian ,C Workshops
5-DAY WORKSHOP ON Systems using C by SMARTBRIDGE,C Workshops
Applications IT in Finance Workshop Register Now,Finance Workshops
Workshop on Finance and its IT industry by Indian Institute of Technology Kanpur,Finance Workshops
Online Finance Workshops on Youtube Subscribe Now,Finance Workshops
Attend 2 day workshop on Finance Industry by technoxian ,Finance Workshops
5-DAY WORKSHOP ON Finance by SMARTBRIDGE,Finance Workshops
Cloud Computing and AWS Workshop Register Now, Cloud Computing Workshops
Workshop on Cloud Computing and its Applications by Indian Institute of Technology Kanpur,Cloud Computing Workshops
Online Cloud Computing Workshops on Youtube Subscribe Now,Cloud Computing Workshops
Attend 2 day workshop on Cloud Computing by technoxian ,Cloud Computing Workshops
5-DAY WORKSHOP ON Cloud Computing by SMARTBRIDGE,Cloud Computing Workshops
"On Demand Webinar: Java Basics and OOP Concepts.", Java Webinars
"Attend How Java works,On Demand Webinar by Oracle.", Java Webinars
"Attend Applications of Java in Web,On Demand Webinar.", Java Webinars
Register Today: Java for Healthcare On Demand Webinar Virtual Conference, Java Webinars
Live and On Demand Webinar Careers In Java  Tomorrow (22-July) @ 2 PM Register Now, Java Webinars
"On Demand Webinar: C++ Basics and OOP Concepts.", C++ Webinars
"Attend How C++ is still in use in Systems,On Demand Webinar by CPPCon.", C++ Webinars
"Attend  C++ in OS,On Demand Webinar.", C++ Webinars
Register Today: C++ for Game Development On Demand Webinar Virtual Conference, C++ Webinars
Live and On Demand Webinar for Careers In C++ and Cpp development Tomorrow (22-July) @ 2 PM Register Now, C++ Webinars
"On Demand Webinar: Python Basics and OOP Concepts.", Python Webinars
"Attend How Python is best for beginners,On Demand Webinar by CPPCon.", Python Webinars
"Attend Python in Data Science,On Demand Webinar.", Python Webinars
Register Today: Python for Game Development On Demand Webinar Virtual Conference, Python Webinars
Live and On Demand Webinar Careers In Python Development Tomorrow (22-July) @ 2 PM Register Now, Python Webinars